Onset,Duration,Annotation
+716.0000000,10.000000,E1_E6_seizure1
+744.0000000,4.000000,E1_E6_seizure2
+751.0000000,3.000000,E1_E6_seizure3
+790.0000000,2.000000,E1_E6_seizure5
